{
  "USD $": 1,
  "EUR €": 1.07604,
  "GBP £": 1.27295,
  "AUD $": 0.74739,
  "CNY ¥": 0.13
}
